日期 ,事件,"分類（以逗號分隔：開發案, 路殺, 衝突, 友善農耕,石虎研究）",資訊連結,經度（路殺或目擊事件才需登）,緯度（路殺或目擊事件才需登）,資料來源（e-info或其他媒體）,,
2007/4/24,特生中心小石虎 將繁殖復育研究,石虎研究,http://www.epochtimes.com.tw/7/4/25/53996.htm%E7%89%B9%E7%94%9F%E4%B8%AD%E5%BF%83%E5%B0%8F%E7%9F%B3%E8%99%8E-%E5%B0%87%E7%B9%81%E6%AE%96%E5%BE%A9%E8%82%B2%E7%A0%94%E7%A9%B6,無,無,大紀元電子報,,
2010/2/17,【台灣有虎】石虎,石虎研究,http://e-info.org.tw/node/51930,無,無,台灣環境資訊中心,,
2010/6/30,大肚開路 被批破壞石虎棲地,"開發案, 衝突",http://e-info.org.tw/node/57018,無,無,台灣環境資源中心（聯合報連結失效）,,
2010/11/12,苗50線火炎山段 恐毀石虎的家,開發案,http://e-info.org.tw/node/60928,無,無,台灣環境資源中心（聯合報連結失效）,,
2010/12/8,石虎棲地拓路 三義鄉代反對,開發案,http://news.ltn.com.tw/news/local/paper/450322,無,無,自由時報,,
2010/12/11,開路破壞生態 一人一信救石虎,開發案,http://e-info.org.tw/node/61825,無,無,台灣環境資訊中心,,
2010/12/13,不忍苗50線切割棲地 環團一人一信護石虎,"開發案, 石虎研究",http://e-info.org.tw/node/61867,無,無,台灣環境資訊中心,,
2010/12/18,保護台灣石虎 苗50線拓寬喊停,開發案,http://e-info.org.tw/node/62017,無,無,台灣環境資訊中心,,
2010/12/28,小石虎趴趴走 漫步火炎山,石虎研究,https://tw.news.yahoo.com/%E5%B0%8F%E7%9F%B3%E8%99%8E%E8%B6%B4%E8%B6%B4%E8%B5%B0-%E6%BC%AB%E6%AD%A5%E7%81%AB%E7%82%8E%E5%B1%B1-20101228-023905-908.html,24.363018,120.725813,中央通訊社,,
2010/12/28,捕獸夾傷石虎 腳見骨恐截肢,"石虎研究, 路殺",https://tw.news.yahoo.com/%E5%B0%8F%E7%9F%B3%E8%99%8E%E8%B6%B4%E8%B6%B4%E8%B5%B0-%E6%BC%AB%E6%AD%A5%E7%81%AB%E7%82%8E%E5%B1%B1-20101228-023905-908.html,24.363018,120.725813,中央通訊社,,
2011/2/28,石虎之路,紀錄片綜合報導,http://ourisland.pts.org.tw/content/%E7%9F%B3%E8%99%8E%E4%B9%8B%E8%B7%AF#sthash.LGLxnWjb.dpbs,無,無,公視「我們的島」,,
2011/7/3,特生中心研討會 揭石虎面紗,石虎研究,http://e-info.org.tw/node/68257,無,無,台灣環境資訊中心,,
2011/10/30,國道1周邊 石虎出沒林鵰現身,石虎研究,http://www.cna.com.tw/news/firstnews/201110290035-1.aspx,國道一號三義路段,,中央通訊社,,
2011/11/8,連署嗆市府 中市拓路 危石虎棲地,"石虎研究, 衝突",http://www.appledaily.com.tw/appledaily/article/headline/20111105/33793889/,無,無,蘋果日報,,
2012/3/15,全台僅剩千隻 2隻瀕絕石虎遭輾斃,"路殺, 石虎研究",https://tw.news.yahoo.com/%E5%85%A8%E5%8F%B0%E5%83%85%E5%89%A9%E5%8D%83%E9%9A%BB-2%E9%9A%BB%E7%80%95%E7%B5%95%E7%9F%B3%E8%99%8E%E9%81%AD%E8%BC%BE%E6%96%83-205041991.html,24.506184,120.723116,自由時報,,
2012/3/16,死因未明！ 談石虎車禍事件與路殺,"路殺, 石虎研究",http://e-info.org.tw/node/75232,無,無,台灣環境資訊中心,,
2012/5/11,獸鋏餘生 瀕危石虎經民眾搶救後保命,路殺,http://e-info.org.tw/node/76750,24.532275,120.853645,台灣環境資訊中心,,
2014/10/24,黑熊、石虎、水獺路殺頻傳，政府保育的腳步，趕不上瀕危野生動物傷亡速度,路殺,http://www.thenewslens.com/post/85745/,無      ,無,關鍵評論網,,
2014/1/15,瀕絕「石虎」又遭路殺 臟器外露慘死,路殺,http://www.appledaily.com.tw/realtimenews/article/new/20140115/326681/,24.424408,120.680073,蘋果日報,,
2014/8/29,石虎路殺悲歌 粉身碎骨橫屍綠色隧道,路殺,http://www.appledaily.com.tw/realtimenews/article/new/20140829/460362/,23.824982,120.763601,蘋果日報,,
2015/5/10,轉角遇見石虎 苗栗彩繪地景討喜,石虎研究,http://udn.com/news/story/7324/892575-%E8%BD%89%E8%A7%92%E9%81%87%E8%A6%8B%E7%9F%B3%E8%99%8E-%E8%8B%97%E6%A0%97%E5%BD%A9%E7%B9%AA%E5%9C%B0%E6%99%AF%E8%A8%8E%E5%96%9C,無      ,無,聯合報,,
2015/4/27,讓石虎在「淺山生態」好好繁衍 苗栗縣將設保育中心,石虎研究,http://www.ettoday.net/news/20150427/498713.htm,無      ,無,東森新聞雲,,
2015/4/19,體驗農村生活 種石虎米護生態,友善農耕,http://www.cna.com.tw/news/asoc/201504190016-1.aspx,無      ,無,中央通訊社,,
2012/6/15,生態專家：設殯葬園區 危及瀕絕石虎,開發案,http://e-info.org.tw/node/77791,無,無,自由時報,,
2012/7/11,栗十班坑開殯葬園區 石虎族群恐消失,開發案,http://e-info.org.tw/node/78460,無,無,台灣環境資訊中心,,
2012/7/11,化衝突為保育 苗栗養雞場加入石虎通報系統,"友善農耕, 石虎研究",http://e-info.org.tw/node/78461,無,無,台灣環境資訊中心,,
2012/8/8,救石虎　學者民代呼籲：後龍殯葬園區應立即停工,"開發案, 衝突",http://e-info.org.tw/node/79321,無,無,台灣環境資訊中心,,
2012/8/13,淺山開發不斷 石虎保育網漏洞難補,石虎研究,http://e-info.org.tw/node/79413,無,無,台灣環境資訊中心,,
2012/8/15,後龍殯葬園區基地 不曾傳石虎出沒,"開發案, 衝突",http://e-info.org.tw/node/79628,無,無,聯合報,,
2012/8/23,救石虎 搖滾音樂法會拒殯葬園,"開發案, 衝突",http://e-info.org.tw/node/79795,無,無,中央社,,
2012/8/30,怪手開上山坡 小石虎有家歸不得,石虎研究,http://e-info.org.tw/node/79952,無,無,台灣環境資訊中心,,
2012/8/30,今晚為石虎搖滾一下　後龍辦音樂法會護眾生,"開發案, 衝突",http://e-info.org.tw/node/79977,無,無,台灣環境資訊中心,,
2012/9/2,石虎和周杰倫,石虎研究,http://e-info.org.tw/node/79974,無,無,劉克襄,,
2012/10/24,路殺？ 又見石虎倒臥血泊,路殺,http://e-info.org.tw/node/81417,24.322873,120.865683,台灣環境資訊中心,座標來自GoogleMap苗栗縣卓蘭鎮,
2012/10/30,殯葬園區開挖石虎不見了 後龍長輩「金不甘」,"開發案, 衝突, 路殺",http://e-info.org.tw/node/81532,24.477118,120.719148,台灣環境資訊中心,座標來自GoogleMap苗栗縣通霄鎮,
2012/11/16,卓蘭又見落單小石虎 保育員「通知家長帶回」,石虎研究,http://e-info.org.tw/node/81938,24.322873,120.865683,台灣環境資訊中心,座標來自GoogleMap苗栗縣卓蘭鎮,
2013/1/26,2012回顧：苗栗怪手開上山 瀕危石虎落難,"石虎研究, 開發案, 衝突",http://e-info.org.tw/node/83599,無,無,台灣環境資訊中心,,
2013/8/28,狂獾肆虐 危及瀕絕石虎、麝香貓,石虎研究,http://e-info.org.tw/node/89564,無,無,中國時報,,
2013/9/24,石虎小兄妹緊黏媽媽上野外求生課 11月試野放,石虎研究,http://e-info.org.tw/node/91934,無,無,台灣環境資訊中心,,
2013/10/2,集集小石虎兄妹 擬漸進式野放,石虎研究,http://e-info.org.tw/node/93467,無,無,中央社,,
2013/10/23,超萌石虎將野放 最怕鼠藥、路殺和獸鋏 有賴全民共同守護,石虎研究,http://e-info.org.tw/node/94487,無,無,台灣環境資訊中心,,
2013/11/2,影響石虎、鳳頭蒼鷹等保育類 新竹芎林礦區初審就退回,開發案,http://e-info.org.tw/node/94707,無,無,台灣環境資訊中心,,
2014/3/7,購石虎棲息地 催生三義外環道,開發案,http://news.ltn.com.tw/news/local/paper/759989,無,無,自由時報,,
2014/3/27,8.2公里52億！ 苗栗三義外環道工程惹議,開發案,http://news.ltn.com.tw/news/local/paper/763881,無,無,自由時報,,
2014/4/2,莫讓一條柏油路 斷送石虎生路,"開發案, 路殺",http://www.lca.org.tw/news/node/4737,無,無,關懷生命協會,,
2014/4/2,裕隆開發石虎棲地 學者力勸保育,開發案,http://e-info.org.tw/node/98370,無,無,台灣環境資訊中心,,
2014/4/15,開路沒必要 台13線三義外環道逼走石虎,開發案,http://e-info.org.tw/node/98637,無,無,台灣環境資訊中心,,
2014/4/16,「補償」石虎家園？ 台13線外環道保育策略遭學者打臉,開發案,http://e-info.org.tw/node/98655,無,無,台灣環境資訊中心,,
2014/4/17,石虎保育策略不足 三義外環道開發退回專案小組,開發案,http://e-info.org.tw/node/98680,無,無,台灣環境資訊中心,,
2014/4/18,二期基地若發現石虎 裕隆：會重新評估開發,開發案,http://news.ltn.com.tw/news/society/breakingnews/989666,無,無,自由時報,,
2014/4/18,護石虎 vs.要開路 環署外民意各自表述,開發案,http://e-info.org.tw/node/98684,無,無,台灣環境資訊中心,,
2014/4/18,砸重金效益講不清 三義外環道必要性備受質疑,開發案,http://e-info.org.tw/node/98694,無,無,台灣環境資訊中心,,
2014/4/23,農委會：2014年底提出石虎保育規劃書,"開發案, 石虎研究",http://www.nownews.com/n/2014/04/23/1203142,無,無,NOWnews今日新聞,,
2014/4/26,石虎與西表貓的對話,石虎研究,http://e-info.org.tw/node/98914,無,無,台灣環境資訊中心,,
2014/5/21,為石虎彎腰 營造人與野生物的樂園,友善農耕,http://e-info.org.tw/node/99465,無,無,台灣環境資訊中心,,
2014/5/22,孕育石虎米 啟動溫柔革命,"友善農耕, 石虎研究",http://e-info.org.tw/node/99507,無,無,台灣環境資訊中心,,
2014/5/23,【30而綠】保育之路 遇見石虎──特生中心林育秀,石虎研究,http://e-info.org.tw/node/99528,無,無,台灣環境資訊中心,,
2014/6/2,石虎需樂園,"石虎研究, 開發案",http://ourisland.pts.org.tw/content/%E7%9F%B3%E8%99%8E%E9%9C%80%E6%A8%82%E5%9C%92#sthash.E5TXn2Na.dpbs,無,無,公共電視-我們的島,https://www.youtube.com/watch?v=KIQANS3pu3Q,
2014/6/25,「不藥」石虎米慶豐收 石虎媽媽真放心,友善農耕,http://e-info.org.tw/node/100209,無,無,台灣環境資訊中心,,
2014/7/16,野放挑戰多 台灣石虎重返山林遇難題,"開發案, 石虎研究",http://e-info.org.tw/node/100744,23.828327,120.801241,台灣環境資訊中心,座標來自GoogleMap南投特有生物研究保育中心,
2014/7/17,好樣的石虎！ 免費捕鼠服務成農田幫手,石虎研究,http://e-info.org.tw/node/100772,無,無,台灣環境資訊中心,,
2014/7/28,「石虎森林」保育創作特展 用藝術享受淺山生態之美,石虎研究,http://e-info.org.tw/node/101002,無,無,台灣環境資訊中心,,
2014/7/29,野放失敗 石虎「集寶」動物園見客,石虎研究,http://e-info.org.tw/node/101012,無,無,自由時報,,
2014/10/30,三義外環道是否興建 6苗栗縣長候選人表態,開發案,http://e-info.org.tw/node/103089,無,無,自由時報,,
2014/10/31,重要棲地規劃說明會 盼苗縣邁向石虎穩定家園,"開發案, 石虎研究",http://e-info.org.tw/node/103093,無,無,台灣環境資訊中心,,
2014/11/24,守護石虎重現在地生機 擴增無毒田區成政見,友善農耕,http://e-info.org.tw/node/103591,無,無,台灣環境資訊中心,,
2014/11/25,亮麗草皮取代林地 「假農舍」切割石虎棲地,"友善農耕, 石虎研究",http://e-info.org.tw/node/103607,無,無,台灣環境資訊中心,,
2014/12/5,綠保市集周末登場 石虎米慶豐收,友善農耕,http://e-info.org.tw/node/103827,無,無,台灣環境資訊中心,,
2014/12/9,農地去毒「愛虎好」 石虎、麝香貓雙寶現身,友善農耕,http://e-info.org.tw/node/103884,無,無,台灣環境資訊中心,,
2014/12/16,核電、石虎、黑熊、氣爆… 哪些是2014重大環境新聞？ 網路選票募集中,其它,http://e-info.org.tw/node/104034,無,無,台灣環境資訊中心,,
2014/12/22,石虎分布多私有地 棲息待保育,石虎研究,http://e-info.org.tw/node/104140,無,無,中央社,,
2014/12/25,憂阻礙開發 三義、通霄反劃設石虎重要棲地,"開發案, 石虎研究",http://e-info.org.tw/node/104213,無,無,台灣環境資訊中心,,
2014/12/26,生態空白難填 學者急尋與石虎共存之路,石虎研究,http://e-info.org.tw/node/104241,無,無,台灣環境資訊中心,,
2015/1/15,2014台灣回顧：三義外環道恐傷棲地 守護石虎公民動員,"開發案, 石虎研究",http://e-info.org.tw/node/104553,無,無,台灣環境資訊中心,,
2015/1/26,后里花博用地發現石虎 林佳龍宣佈另外選址,開發案,http://www.ettoday.net/news/20150126/458786.htm,無,無,ETtoday,,
2015/3/21,石城首見石虎 慘遭輾爆頭亡,路殺,http://www.appledaily.com.tw/appledaily/article/headline/20150321/36448806/,24.277293,120.8325,蘋果日報,座標來自GoogleMap台中市東勢區,http://twimg.edgesuite.net//images/twapple/640pix/20150321/LB34/LB34_003.jpg
2015/4/19,體驗農村生活 種石虎米護生態,石虎研究,http://e-info.org.tw/node/106795,無,無,中央社,,
2015/4/27,讓石虎在「淺山生態」好好繁衍 苗栗縣將設保育中心,石虎研究,http://www.ettoday.net/news/20150427/498713.htm,無,無,ETtoday,,
